,NormGroupID,tourname,toursite,company,tourlink,gosite,tourimage,tourday,price,earlierGoDate,create_date,renew_date,tourSpecial,GoDate,Attraction,Day,TravelPoint,Breakfast,Lunch,Dinner,Hotel
1,17TWTILNBTCA,《一日小旅行》六人成行~勇闖神秘401高地～龜山島登島，城堡咖啡１日,宜蘭,五福旅遊,https://domestic.lifetour.com.tw/detail/17TWTILNBTCA#ILN01BB24N10T01,['台北'],https://static.lifetour.info/eWeb_lifetour/IMGDB/003178/003203/003205/00091661.JPG/500x-,1.0,2999.0,2024/11/12,2024-10-31,2024-11-02 01:40:32,,"['2024-11-03', '2024-11-04', '2024-11-07', '2024-11-08', '2024-11-09', '2024-11-10', '2024-11-12', '2024-11-13', '2024-11-15', '2024-11-16', '2024-11-17', '2024-11-19', '2024-11-20', '2024-11-22', '2024-11-23', '2024-11-24', '2024-11-25', '2024-11-28', '2024-11-29', '2024-11-30', '2024-11-03', '2024-11-04', '2024-11-07', '2024-11-08', '2024-11-09', '2024-11-10', '2024-11-12', '2024-11-13', '2024-11-15', '2024-11-16', '2024-11-17', '2024-11-19', '2024-11-20', '2024-11-22', '2024-11-23', '2024-11-24', '2024-11-25', '2024-11-28', '2024-11-29', '2024-11-30']",[],[1],[],[' 自理'],[' 自理'],[' 自理'],[]
2,23TWTKLUB01A,【四人成行】觀巴精選~和平島、潮境公園1日,基隆,五福旅遊,https://domestic.lifetour.com.tw/detail/23TWTKLUB01A#KLU01BB24N10T01,['台北'],https://static.lifetour.info/eWeb_lifetour/IMGDB/003178/003260/003262/00095301.JPG/500x-,1.0,1480.0,2024/11/16,2024-10-31,2024-11-02 01:41:11,,"['2024-11-03', '2024-11-09', '2024-11-10', '2024-11-16', '2024-11-17', '2024-11-23', '2024-11-24', '2024-11-30', '2024-11-03', '2024-11-09', '2024-11-10', '2024-11-16', '2024-11-17', '2024-11-23', '2024-11-24', '2024-11-30']",[],[1],[],[' 敬請自理'],[' 在地特色小吃'],[' 敬請自理'],[]
3,23TWTKLUN01C,【精緻小包團】新地標基隆塔、望幽谷、外木山濱海步道1日,基隆,五福旅遊,https://domestic.lifetour.com.tw/detail/23TWTKLUN01C#KLU01BB24N16T01,['台北'],https://static.lifetour.info/eWeb_lifetour/IMGDB/003178/003260/003262/00098739.JPG/500x-,1.0,1550.0,2024/11/17,2024-10-31,2024-11-02 01:41:45,,"['2024-11-09', '2024-11-16', '2024-11-23', '2024-11-30', '2024-12-07', '2024-12-14', '2024-12-21', '2024-12-28', '2024-12-07', '2024-12-14', '2024-12-21', '2024-12-28']",[],[1],[],[' 敬請自理'],[' 基隆廟口自理'],[' 敬請自理'],[]
4,24TWKTPH02A,六人成行~台北老街山水風情二日遊,台北,五福旅遊,https://domestic.lifetour.com.tw/detail/24TWKTPH02A#TPH02BB24N15K01,['高雄'],https://static.lifetour.info/eWeb_lifetour/IMGDB/003178/003240/003242/00091886.JPG/500x-,2.0,5500.0,2024/11/16,2024-10-31,2024-11-02 01:40:32,,"['2024-11-09', '2024-11-16', '2024-11-23', '2024-11-30', '2024-12-07', '2024-12-14', '2024-12-21', '2024-12-28', '2025-01-04', '2025-01-11']",[],"[1, 2]",[],"['', ' 飯店早餐']","[' 十分政達餐廳($250/人)', ' 自理']","[' 自理', '']","['淡水淶滬文旅或同級', '溫暖的家']"
5,23TWTTPEG01A,【精緻小包團】千島湖美景、石碇老街1日,新北,五福旅遊,https://domestic.lifetour.com.tw/detail/23TWTTPEG01A#TPH01BB24N16T02,['台北'],https://static.lifetour.info/eWeb_lifetour/IMGDB/003178/003240/003242/00098059.JPG/500x-,1.0,1560.0,2024/11/16,2024-10-31,2024-11-02 01:40:39,,"['2024-11-08', '2024-11-15', '2024-11-16', '2024-11-22', '2024-11-29', '2024-11-30', '2024-12-06', '2024-12-07', '2024-12-13', '2024-12-14', '2024-12-20', '2024-12-27', '2024-12-28', '2025-01-03', '2025-01-04', '2025-01-10', '2025-01-11', '2025-01-18']",[],[1],[],[' 敬請自理'],[' 八卦茶園自理'],[' 敬請自理'],[]
6,23TWTTPEL01A,【精緻小包團】新北野柳、北海岸美景1日,新北,五福旅遊,https://domestic.lifetour.com.tw/detail/23TWTTPEL01A#TPH01BB24N16T01,['台北'],https://static.lifetour.info/eWeb_lifetour/IMGDB/003178/003240/003242/00093255.JPG/500x-,1.0,1680.0,2024/11/23,2024-10-31,2024-11-02 01:42:23,,"['2024-11-23', '2024-12-07', '2024-12-21', '2024-12-07', '2024-12-21']",[],[1],[],[' 敬請自理'],[' 富基漁港自理'],[' 敬請自理'],[]
7,20TWTILNBITB,一日輕旅漫遊~十分瀑布美景、九份山城老街、猴硐貓村１日,新北,五福旅遊,https://domestic.lifetour.com.tw/detail/20TWTILNBITB#TPH01BB24N23T03,['台北'],https://static.lifetour.info/eWeb_lifetour/IMGDB/003178/003240/003242/00098710.JPG/500x-,1.0,499.0,2024/11/17,2024-10-31,2024-11-02 01:43:01,,"['2024-12-15', '2024-12-15']",[],[1],[],[' 敬請自理'],[' 敬請自理'],[' 敬請自理'],['溫暖的家']
8,24TWTTPEC02B,【經典再現】圓山東&西密道巡禮2日、大稻埕、白石湖吊橋,台北,五福旅遊,https://domestic.lifetour.com.tw/detail/24TWTTPEC02B#TPE02BB24D15T01,['台北'],https://static.lifetour.info/eWeb_lifetour/IMGDB/003178/003179/003182/00092317.JPG/500x-,2.0,4900.0,2024/11/16,2024-10-31,2024-11-02 01:40:36,,"['2024-11-03', '2024-11-09', '2024-11-10', '2024-11-16', '2024-11-17', '2024-11-23', '2024-11-24', '2024-11-30', '2024-12-01', '2024-12-07', '2024-12-08', '2024-12-14', '2024-12-15', '2024-12-21', '2024-12-22', '2024-12-28', '2024-12-29', '2024-12-01', '2024-12-07', '2024-12-08', '2024-12-14', '2024-12-15', '2024-12-21', '2024-12-22', '2024-12-28', '2024-12-29']",[],"[1, 2]",[],"['', ' 飯店內用']","[' 八里左岸公園自理', ' 方便遊玩，敬請自理']","[' 士林夜市自理', '']","['圓山大飯店(豪華客房)', '溫暖的家']"
9,23TWTTXGK02C,【六人成行】觀巴精選~武陵四季風情1日,台中,五福旅遊,https://domestic.lifetour.com.tw/detail/23TWTTXGK02C#TXG01BB24N10T01,['台北'],https://static.lifetour.info/eWeb_lifetour/IMGDB/003178/003183/003185/00091265.JPG/500x-,1.0,1699.0,2024/11/10,2024-10-31,2024-11-02 01:41:14,,"['2024-11-03', '2024-11-09', '2024-11-10', '2024-11-16', '2024-11-17', '2024-11-23', '2024-11-24', '2024-11-30', '2024-12-01', '2024-12-07', '2024-12-08', '2024-12-14', '2024-12-15', '2024-12-21', '2024-12-22', '2024-12-28', '2024-12-29', '2024-12-01', '2024-12-07', '2024-12-08', '2024-12-14', '2024-12-15', '2024-12-21', '2024-12-22', '2024-12-28', '2024-12-29']",[],[1],[],[''],[' 中式餐盒'],[''],[]
10,24TWKTXGB02B,六人成行~台中享自在.古蹟眷村.日系百貨.后豐單車二日遊,台東,五福旅遊,https://domestic.lifetour.com.tw/detail/24TWKTXGB02B#TXG02BB24N15K01,['高雄'],https://static.lifetour.info/eWeb_lifetour/IMGDB/001873/00090455.JPG/500x-,2.0,5700.0,2024/11/16,2024-10-31,2024-11-02 01:41:58,,"['2024-11-09', '2024-11-16', '2024-11-23', '2024-11-30', '2024-12-07', '2024-12-14', '2024-12-21', '2024-12-28', '2024-12-07', '2024-12-14', '2024-12-21', '2024-12-28']",[],"[1, 2]",[],"['', ' 飯店早餐']","[' 自理', ' 味味香客家庭園餐廳(餐標$1680+10%/桌+1瓶飲料)']","[' 自理', '']","['台中輕行旅或同級', '溫暖的家']"
11,23TWTTXGG02C,【四人成行】觀巴精選~武陵農場、雪霸國家公園豐富遊2日,台中,五福旅遊,https://domestic.lifetour.com.tw/detail/23TWTTXGG02C#TXG02BB24N15T01,['台北'],https://static.lifetour.info/eWeb_lifetour/IMGDB/003178/003183/003185/00097764.JPG/500x-,2.0,5280.0,2024/11/23,2024-10-31,2024-11-02 01:40:38,,"['2024-11-09', '2024-11-16', '2024-11-23', '2024-11-30', '2024-12-07', '2024-12-14', '2024-12-21', '2024-12-28', '2024-12-07', '2024-12-14', '2024-12-21', '2024-12-28']",[],"[1, 2]",[],"['', ' 飯店內用']","[' 中式便當', ' 飯店內自助餐']","[' 飯店自助餐', ' 敬請自理']",['武陵賓館或同級']
12,23TWTCWHB02A,【精緻小包團】芳苑牛車初體驗2日、成美文化園、八卦山風景區,彰化,五福旅遊,https://domestic.lifetour.com.tw/detail/23TWTCWHB02A#CWH02BB24N23T01,['台北'],https://static.lifetour.info/eWeb_lifetour/IMGDB/003145/003280/00093022.JPG/500x-,2.0,7000.0,2024/11/10,2024-10-31,2024-11-02 01:40:37,,"['2024-11-03', '2024-11-09', '2024-11-10', '2024-11-16', '2024-11-17', '2024-11-23', '2024-11-24', '2024-11-30', '2024-12-01', '2024-12-07', '2024-12-08', '2024-12-14', '2024-12-15', '2024-12-21', '2024-12-22', '2024-12-28', '2024-12-29', '2024-12-01', '2024-12-07', '2024-12-08', '2024-12-14', '2024-12-15', '2024-12-21', '2024-12-22', '2024-12-28', '2024-12-29']",[],"[1, 2]",[],"[' 敬請自理', ' 飯店早餐']","[' 成美文化園松柏軒套餐(630+10%/人)', ' 風味']","[' 鹿港老街自理', ' 敬請自理']",['鹿港永樂酒店或同級']
13,23TWTMALA01B,【四人成行】觀巴精選~苗栗雪見自然風光1日,苗栗,五福旅遊,https://domestic.lifetour.com.tw/detail/23TWTMALA01B#MAL01BB24N09T03,['台北'],https://static.lifetour.info/eWeb_lifetour/IMGDB/001913/002082/003142/00090704.png/500x-,1.0,1590.0,2024/11/16,2024-10-31,2024-11-02 01:41:15,,"['2024-11-03', '2024-11-09', '2024-11-10', '2024-11-16', '2024-11-17', '2024-11-23', '2024-11-24', '2024-11-30', '2024-12-01', '2024-12-07', '2024-12-08', '2024-12-14', '2024-12-15', '2024-12-21', '2024-12-22', '2024-12-28', '2024-12-29', '2024-12-01', '2024-12-07', '2024-12-08', '2024-12-14', '2024-12-15', '2024-12-21', '2024-12-22', '2024-12-28', '2024-12-29']",[],[1],[],[' 敬請自理'],[' 西點餐盒'],[' 敬請自理'],[]
14,24TWTMALF01C,【四人成行】觀巴精選~苗栗南庄向天湖1日,苗栗,五福旅遊,https://domestic.lifetour.com.tw/detail/24TWTMALF01C#MAL01BB24N09T01,['台北'],https://static.lifetour.info/eWeb_lifetour/IMGDB/003178/003248/003250/00093932.jpg/500x-,1.0,1380.0,2024/11/16,2024-10-31,2024-11-02 01:41:53,,"['2024-11-03', '2024-11-08', '2024-11-10', '2024-11-15', '2024-11-17', '2024-11-22', '2024-11-24', '2024-11-29', '2024-12-01', '2024-12-06', '2024-12-08', '2024-12-13', '2024-12-15', '2024-12-20', '2024-12-22', '2024-12-27', '2024-12-29', '2024-12-01', '2024-12-06', '2024-12-08', '2024-12-13', '2024-12-15', '2024-12-20', '2024-12-22', '2024-12-27', '2024-12-29']",[],[1],[],[''],[' 客家風味小吃'],[''],[]
15,23TWTMALA01A,【四人成行】觀巴精選~苗栗馬拉邦山森林步道1日,苗栗,五福旅遊,https://domestic.lifetour.com.tw/detail/23TWTMALA01A#MAL01BB24N10T02,['台北'],https://static.lifetour.info/eWeb_lifetour/IMGDB/003178/003248/003250/00096828.jpg/500x-,1.0,1400.0,2024/11/16,2024-10-31,2024-11-02 01:42:31,,"['2024-11-08', '2024-11-09', '2024-11-15', '2024-11-16', '2024-11-22', '2024-11-23', '2024-11-29', '2024-11-30', '2024-12-06', '2024-12-07', '2024-12-13', '2024-12-14', '2024-12-20', '2024-12-21', '2024-12-27', '2024-12-28', '2024-12-06', '2024-12-07', '2024-12-13', '2024-12-14', '2024-12-20', '2024-12-21', '2024-12-27', '2024-12-28']",[],[1],[],[' 敬請自理'],[' 西點餐盒'],[' 敬請自理'],[]
16,23TWTMALA02A,【精緻小包團】大湖草莓季~泰安泡湯2日,苗栗,五福旅遊,https://domestic.lifetour.com.tw/detail/23TWTMALA02A#MAL02BB24N17T01,['台北'],https://static.lifetour.info/eWeb_lifetour/IMGDB/003178/003248/003250/00093283.jpg/500x-,2.0,6700.0,2024/11/10,2024-10-31,2024-11-02 01:40:35,,"['2024-11-03', '2024-11-09', '2024-11-10', '2024-11-16', '2024-11-17', '2024-11-23', '2024-11-24', '2024-11-30', '2024-12-01', '2024-12-07', '2024-12-08', '2024-12-14', '2024-12-15', '2024-12-21', '2024-12-22', '2024-12-28', '2024-12-29', '2024-12-01', '2024-12-07', '2024-12-08', '2024-12-14', '2024-12-15', '2024-12-21', '2024-12-22', '2024-12-28', '2024-12-29']",[],"[1, 2]",[],"[' 敬請自理', ' 飯店早餐']","[' 卓也小屋-自助式蔬食養生鍋', ' 鄉村客棧桌餐(NT380元/人)']","[' 飯店內用', ' 敬請自理']","['泰安湯唯溫泉飯店或同級或同級', '溫暖的家']"
17,23TWTHSHB01C,【四人成行】觀巴精選~雪霸觀霧森呼吸1日遊,新竹,五福旅遊,https://domestic.lifetour.com.tw/detail/23TWTHSHB01C#HSH01BB24N09T01,['台北'],https://static.lifetour.info/eWeb_lifetour/IMGDB/001913/001982/002001/00044519.JPG/500x-,1.0,1499.0,2024/11/16,2024-10-31,2024-11-02 01:41:13,,"['2024-11-16', '2024-11-23', '2024-12-14', '2024-12-28', '2024-12-14', '2024-12-28']",[],[1],[],[' 敬請自理'],[' 敬請自理'],[' 敬請自理'],[]
18,23TWTHSHE01A,【四人成行】觀巴精選~新竹山上人家歐風假期1日,新竹,五福旅遊,https://domestic.lifetour.com.tw/detail/23TWTHSHE01A#HSH01BB24N10T02,['台北'],https://static.lifetour.info/eWeb_lifetour/IMGDB/003178/003199/003202/00097583.JPG/500x-,1.0,1420.0,2024/11/16,2024-10-31,2024-11-02 01:41:50,,"['2024-11-15', '2024-11-29', '2024-12-06', '2024-12-20', '2025-01-10']",[],[1],[],[' 敬請自理'],[' 敬請自理'],[' 敬請自理'],[]
19,13TWTHSHMM23,《山林部落》六人台北成行~上帝的部落.司馬庫斯，鎮西堡雙巨木群３日,新竹,五福旅遊,https://domestic.lifetour.com.tw/detail/13TWTHSHMM23#HSH03BB24N15T01,['台北'],https://static.lifetour.info/eWeb_lifetour/IMGDB/001873/00090514.jpg/500x-,3.0,12688.0,2024/11/17,2024-10-31,2024-11-02 01:41:57,,"['2024-11-03', '2024-11-09', '2024-11-10', '2024-11-16', '2024-11-17', '2024-11-23', '2024-11-24', '2024-11-30', '2024-12-01', '2024-12-07', '2024-12-08', '2024-12-14', '2024-12-15', '2024-12-21', '2024-12-22', '2024-12-28', '2024-12-29', '2024-12-01', '2024-12-07', '2024-12-08', '2024-12-14', '2024-12-15', '2024-12-21', '2024-12-22', '2024-12-28', '2024-12-29']",[],"[1, 2, 3]",[],"['', ' 部落早餐', ' 部落早餐']","[' 宇老地區', ' 敬請自理', ' 司馬庫斯部落套餐']","[' 新光部落或鎮西堡部落\u3000', ' 司馬庫斯部落套餐', '']","['司馬庫斯', '司馬庫斯']"
20,15TWTHSHMKUA,《看見台灣》森鄰旅行-新光部落 鎮西堡巨木群二日~六人成行,新竹,五福旅遊,https://domestic.lifetour.com.tw/detail/15TWTHSHMKUA#HSH02BB24N15T01,['台北'],https://static.lifetour.info/eWeb_lifetour/IMGDB/003178/003199/003202/00091569.JPG/500x-,2.0,6888.0,2024/11/17,2024-10-31,2024-11-02 01:42:38,,"['2024-11-17', '2024-11-22', '2024-11-23', '2024-11-24', '2024-11-29', '2024-11-30', '2024-12-01', '2024-12-06', '2024-12-07', '2024-12-08', '2024-12-13', '2024-12-14', '2024-12-15', '2024-12-20', '2024-12-21', '2024-12-22', '2024-12-27', '2024-12-28', '2024-12-29', '2025-01-03', '2025-01-04', '2025-01-05', '2025-01-10', '2025-01-11', '2025-01-12', '2025-01-17', '2025-01-18', '2025-01-19']",[],"[1, 2]",[],"['', ' 民宿早餐']","[' 宇老地區餐廳', ' 自理']","[' 部落', ' 敬請自理']",['溫暖的家']
21,23TWTHSHA02A,【兩人成行】觀巴精選~雪霸觀霧自然假期2日,新竹,五福旅遊,https://domestic.lifetour.com.tw/detail/23TWTHSHA02A#HSH02BB24N15T02,['台北'],https://static.lifetour.info/eWeb_lifetour/IMGDB/001913/001982/002001/00044516.JPG/500x-,2.0,5580.0,2024/11/23,2024-10-31,2024-11-02 01:43:16,,"['2024-12-14', '2024-12-14']",[],"[1, 2]",[],"['', ' 農場內用']","[' 雪霸農場-中式自助餐', ' 中式自助餐']","[' 雪霸農場-中式自助餐', ' 敬請自理']","['雪霸休閒農場', '溫暖的家']"
22,13TWTHSHMKUS,《看見台灣》聖誕限定晚會 司馬庫斯.巨木步道森林浴二日／台北出發,新竹,五福旅遊,https://domestic.lifetour.com.tw/detail/13TWTHSHMKUS#HSH02BB24N23T02,['台北'],https://static.lifetour.info/eWeb_lifetour/IMGDB/000185/000196/00014329.JPG/500x-,2.0,5200.0,2024/11/15,2024-10-31,2024-11-02 01:43:54,,"['2024-11-03', '2024-11-04', '2024-11-05', '2024-11-06', '2024-11-07', '2024-11-08', '2024-11-09', '2024-11-10', '2024-11-11', '2024-11-12', '2024-11-13', '2024-11-14', '2024-11-15', '2024-11-16', '2024-11-17', '2024-11-19', '2024-11-20', '2024-11-21', '2024-11-22', '2024-11-23', '2024-11-24', '2024-11-25', '2024-11-26', '2024-11-27', '2024-11-28', '2024-11-29', '2024-11-30', '2024-12-01', '2024-12-02', '2024-12-03', '2024-12-04', '2024-12-05', '2024-12-06', '2024-12-07', '2024-12-08', '2024-12-09', '2024-12-10', '2024-12-11', '2024-12-12', '2024-12-13', '2024-12-14', '2024-12-15', '2024-12-16', '2024-12-17', '2024-12-18', '2024-12-19', '2024-12-20', '2024-12-21', '2024-12-22', '2024-12-23', '2024-12-24', '2024-12-25', '2024-12-26', '2024-12-27', '2024-12-28', '2024-12-29', '2024-12-30', '2024-12-31', '2025-01-01', '2025-01-02', '2025-01-03', '2025-01-04', '2025-01-05', '2025-01-06', '2025-01-07', '2025-01-08', '2025-01-09', '2025-01-10', '2025-01-11', '2025-01-12', '2025-01-13', '2025-01-14', '2025-01-15', '2025-01-16', '2025-01-17', '2025-01-18', '2025-01-19', '2025-01-20', '2025-01-21', '2025-01-22', '2025-01-23']",[],"[1, 2]",[],"['', '']","[' 宇老地區無菜單料理或精緻', ' 司馬庫斯部落個人套餐']","[' 司馬庫斯部落個人套餐', '']",['溫暖的家']
23,21TWTHSHB01C,一日輕旅漫遊~17公里海岸線、合興車站１日遊,新竹,五福旅遊,https://domestic.lifetour.com.tw/detail/21TWTHSHB01C#HSH01BB24N30T03,['台北'],https://static.lifetour.info/eWeb_lifetour/IMGDB/001913/001982/003144/00090710.jpeg/500x-,1.0,499.0,2024/11/17,2024-10-31,2024-11-02 01:41:15,,"['2024-11-03', '2024-11-08', '2024-11-09', '2024-11-10', '2024-11-15', '2024-11-16', '2024-11-17', '2024-11-22', '2024-11-23', '2024-11-24', '2024-11-29', '2024-11-30', '2024-12-06', '2024-12-07', '2024-12-13', '2024-12-14', '2024-12-20', '2024-12-21', '2024-12-22', '2024-12-27', '2024-12-28', '2024-12-29', '2025-01-04', '2025-01-11', '2025-01-18']",[],[1],[],[' 敬請自理'],[' 內灣老街自理'],[' 敬請自理'],['溫暖的家']
24,23TWTNTOA02A,【精緻小包團】武界部落觀雲海、妮娜巧克力城堡２日,南投,五福旅遊,https://domestic.lifetour.com.tw/detail/23TWTNTOA02A#NTO02BB24N15T04,['台北'],https://static.lifetour.info/eWeb_lifetour/IMGDB/001913/002022/002035/00044793.JPG/500x-,2.0,6800.0,2024/11/16,2024-10-31,2024-11-02 01:41:24,,"['2024-11-03', '2024-11-08', '2024-11-10', '2024-11-15', '2024-11-17', '2024-11-22', '2024-11-24', '2024-11-29', '2024-12-01', '2024-12-06', '2024-12-08', '2024-12-13', '2024-12-15', '2024-12-20', '2024-12-22', '2024-12-27', '2024-12-29', '2024-12-01', '2024-12-06', '2024-12-08', '2024-12-13', '2024-12-15', '2024-12-20', '2024-12-22', '2024-12-27', '2024-12-29']",[],"[1, 2]",[],"[' 敬請自理', ' 民宿早餐']","[' 中式風味餐(NT300/人)', ' 部落特色風味']","[' 民宿風味餐+烤肉', ' 敬請自理']","['武界雲海民宿/武界休閒民宿或同級', '溫暖的家']"
25,24TWKNTO02A,六人成行～杉林溪2日,南投,五福旅遊,https://domestic.lifetour.com.tw/detail/24TWKNTO02A#NTO02BB24N16K02,['高雄'],https://static.lifetour.info/eWeb_lifetour/IMGDB/003178/003235/003237/00092141.JPG/500x-,2.0,6640.0,2024/11/29,2024-10-31,2024-11-02 01:42:18,,"['2024-12-21', '2024-12-21']",[],"[1, 2]",[],"['', ' 飯店內早餐']","[' 杉林溪主題會館', ' 自理']","[' 杉林溪大飯店', ' 溫暖的家']","['杉林溪森林渡假園區-大飯店', '甜蜜的家']"
26,23TWTNTOC02D,【綠色旅遊】精緻小包團~溪頭、杉林溪芬多精之旅2日,台中,五福旅遊,https://domestic.lifetour.com.tw/detail/23TWTNTOC02D#NTO02BB24N22T01,['台北'],https://static.lifetour.info/eWeb_lifetour/IMGDB/003178/003235/003237/00114442.JPG/500x-,2.0,5800.0,2024/12/21,2024-10-31,2024-11-02 01:42:05,,"['2024-11-03', '2024-11-08', '2024-11-09', '2024-11-10', '2024-11-15', '2024-11-16', '2024-11-17', '2024-11-22', '2024-11-23', '2024-11-24', '2024-11-29', '2024-11-30', '2024-11-03', '2024-11-08', '2024-11-09', '2024-11-10', '2024-11-15', '2024-11-16', '2024-11-17', '2024-11-22', '2024-11-23', '2024-11-24', '2024-11-29', '2024-11-30']",[],"[1, 2]",[],"['', ' 滿意堂餐廳早餐']","[' 妖怪村商圈自理', ' 滿意堂餐廳 300/人']","[' 滿意堂餐廳-自助式', ' 敬請自理']","['杉林溪主題會館', '溫暖的家']"
27,23TWTNTOBT08,【漫步南投】清境農場、漫遊日月潭、喝喝茶紅茶體驗2日,南投,五福旅遊,https://domestic.lifetour.com.tw/detail/23TWTNTOBT08#NTO02BB24N29T05,['台北'],https://static.lifetour.info/eWeb_lifetour/IMGDB/001913/002022/002065/00044993.JPG/500x-,2.0,3650.0,2024/12/31,2024-10-31,2024-11-02 01:42:27,,"['2024-12-31', '2024-12-31']",[],"[1, 2]",[],"['', ' 飯店早餐']","[' 清境農場自理', ' 水社碼頭自理']","[' 飯店內中式桌餐(NT3,500/桌)', ' 敬請自理']","['日月潭瑞居飯店或同級', '溫暖的家']"
28,24TWKNTO03A,2024倒數計時-日月潭跨年煙火二日遊,南投,五福旅遊,https://domestic.lifetour.com.tw/detail/24TWKNTO03A#NTO02BB24D31K01,['高雄'],https://static.lifetour.info/eWeb_lifetour/IMGDB/003178/003235/003237/00091804.JPG/500x-,2.0,4100.0,2024/11/29,2024-10-31,2024-11-02 01:42:07,,"['2024-11-03', '2024-11-08', '2024-11-09', '2024-11-10', '2024-11-15', '2024-11-16', '2024-11-17', '2024-11-22', '2024-11-23', '2024-11-24', '2024-11-29', '2024-11-30', '2024-12-01', '2024-12-07', '2024-12-08', '2024-12-14', '2024-12-15', '2024-12-21', '2024-12-22', '2024-12-28', '2024-12-29', '2024-12-01', '2024-12-07', '2024-12-08', '2024-12-14', '2024-12-15', '2024-12-21', '2024-12-22', '2024-12-28', '2024-12-29']",[],"[1, 2]",[],"['', ' 飯店早餐']","[' 自理', ' 自理']","[' 瑪蓋旦風味', '']",['太和日月館或同級']
29,24TWTTNNC02A,府城情懷台南２日～德陽艦925、老塘湖、深緣及水善糖園區,台南,五福旅遊,https://domestic.lifetour.com.tw/detail/24TWTTNNC02A#TNN02BB24D21T01,['台北'],https://static.lifetour.info/eWeb_lifetour/IMGDB/003178/003194/003196/00094754.jpg/500x-,2.0,4300.0,2024/11/15,2024-10-31,2024-11-02 01:42:41,,"['2024-11-03', '2024-11-10', '2024-11-17', '2024-11-24', '2024-12-01', '2024-12-08', '2024-12-15', '2024-12-22', '2024-12-29', '2024-12-01', '2024-12-08', '2024-12-15', '2024-12-22', '2024-12-29']",[],"[1, 2]",[],"[' 敬請自理', ' 飯店內用']","[' 老街自理', ' 風味']","[' 敬請自理', ' 敬請自理']",['榮美金鬱金香酒店/榮興金鬱金香酒店或同級']
30,23TWTKHHA02A,港都風情~高雄悠遊2日~田寮海底龍宮、月世界、大港橋,高雄,五福旅遊,https://domestic.lifetour.com.tw/detail/23TWTKHHA02A#KHH02BB24N16T01,['台北'],https://static.lifetour.info/eWeb_lifetour/IMGDB/003178/003270/003272/00092044.PNG/500x-,2.0,3690.0,2025/01/12,2024-10-31,2024-11-02 01:43:20,,"['2024-11-23', '2024-11-30', '2024-12-28', '2024-12-28']",[],"[1, 2]",[],"[' 敬請自理', ' 飯店早餐']","[' 旗津風景區自理', ' 風味']","[' 敬請自理', ' 敬請自理']",['康橋商旅或同級']
31,25TWKHHK02A,茂林賞蝶.六龜賞花2日遊,高雄,五福旅遊,https://domestic.lifetour.com.tw/detail/25TWKHHK02A#KHH02BB25112K01,['高雄'],https://static.lifetour.info/eWeb_lifetour/IMGDB/001873/00050310.jpg/500x-,2.0,4000.0,2024/11/16,2024-10-31,2024-11-02 01:41:54,,"['2024-11-08', '2024-11-15', '2024-11-22', '2024-11-29', '2024-12-06', '2024-12-07', '2024-12-13', '2024-12-14', '2024-12-20', '2024-12-21', '2024-12-27', '2024-12-28', '2025-01-03', '2025-01-04', '2025-01-10', '2025-01-11', '2025-01-17', '2025-01-18', '2025-01-24']",[],"[1, 2]",[],"['', ' 渡假村內']","[' 風味合菜', ' 自理']","[' 渡假村中式合菜', '']",['寶來不老溫泉渡假村或同級']
32,23TWTCYIC02A,【精緻小包團】日出印象~就是要阿里山看日出2日,嘉義,五福旅遊,https://domestic.lifetour.com.tw/detail/23TWTCYIC02A#CYI02BB24N16T01,['台北'],https://static.lifetour.info/eWeb_lifetour/IMGDB/001913/001963/001971/00044247.JPG/500x-,2.0,6300.0,2024/11/16,2024-10-31,2024-11-02 01:42:33,,"['2024-11-16', '2024-12-21', '2024-12-21']",[],"[1, 2]",[],"[' 敬請自理', ' 飯店早餐']","[' 奮起湖便當', ' 阿里山風味']","[' 阿里山風味', ' 敬請自理']","['阿里山高山青/禾豐別墅', '溫暖的家']"
33,20TWKCHYB01D,【六人成行】阿里山台版合掌村、HANA廚房、奮起湖老街１日,嘉義,五福旅遊,https://domestic.lifetour.com.tw/detail/20TWKCHYB01D#CHY01BB24N17K01,['高雄'],https://static.lifetour.info/eWeb_lifetour/IMGDB/003178/003227/003229/00091788.JPG/500x-,1.0,1490.0,2024/11/22,2024-10-31,2024-11-02 01:43:32,,"['2025-01-28', '2025-01-29', '2025-01-30', '2025-01-31', '2025-01-28', '2025-01-29', '2025-01-30', '2025-01-31']",[],[1],[],[''],[' HANA廚房敬請自理'],[''],[]
34,23TWTCHYB03,【精緻小包團】來去阿里山住一晚、太平雲梯３日~小火車觀日出,嘉義,五福旅遊,https://domestic.lifetour.com.tw/detail/23TWTCHYB03#CHY03BB24N22T01,['台北'],https://static.lifetour.info/eWeb_lifetour/IMGDB/001913/001963/001971/00044240.JPG/500x-,3.0,8500.0,2024/12/15,2024-10-31,2024-11-02 01:42:52,,"['2025-01-12', '2025-01-19', '2025-02-09', '2025-02-16', '2025-02-23', '2025-03-02', '2025-03-09', '2025-03-16', '2025-03-23']",[],"[1, 2, 3]",[],"[' ｘ', ' 飯店提供', ' 飯店提供']","[' 奮起湖老街自理', ' 林園茶香田媽媽(NT350/人)', ' 太平老街自理']","[' 高山合菜風味NT(300/人)', ' 文化路夜市自理', '']","['阿里山高山青飯店或同級', '嘉義蘭桂坊花園']"
35,24TWTPCH03A,高屏生態輕鬆遊～壽山動物園、看海美術館、屏東農業水族館３日,屏東,五福旅遊,https://domestic.lifetour.com.tw/detail/24TWTPCH03A#PCH03BB24D14T01,['台北'],https://static.lifetour.info/eWeb_lifetour/IMGDB/003178/003244/003247/00092269.jpg/500x-,3.0,7500.0,2024/11/16,2024-10-31,2024-11-02 01:43:48,,"['2024-12-20', '2024-12-20']",[],"[1, 2, 3]",[],"[' 自理', ' 飯店內用', ' 飯店內用']","[' 風味桌餐', ' 風味', ' 風味桌餐']","[' 方便逛街,敬請自理', ' 飯店中式桌餐', '']","['捷絲旅高雄中正館或同級', '小墾丁渡假村或同級', '溫暖的家']"
36,24TWTPCHS03K,安泰銀行~墾丁海韻悠然之旅3日,屏東,五福旅遊,https://domestic.lifetour.com.tw/detail/24TWTPCHS03K#PCH03BB24D20T02,['高雄'],https://static.lifetour.info/eWeb_lifetour/IMGDB/003178/003244/003245/00113812.JPG/500x-,3.0,15000.0,2025/01/28,2024-10-31,2024-11-02 01:43:26,,"['2024-11-03', '2024-11-08', '2024-11-09', '2024-11-10', '2024-11-15', '2024-11-16', '2024-11-17', '2024-11-22', '2024-11-23', '2024-11-24', '2024-11-29', '2024-11-30', '2024-12-01', '2024-12-06', '2024-12-07', '2024-12-08', '2024-12-13', '2024-12-14', '2024-12-15', '2024-12-20', '2024-12-21', '2024-12-22', '2024-12-27', '2024-12-28', '2024-12-29', '2025-01-04', '2025-01-05', '2025-01-11', '2025-01-12', '2025-01-18']",[],"[1, 2, 3]",[],"['', ' 飯店自助式早餐', ' 飯店自助式早餐']","[' 佳珍海產餐廳', ' 山下人家', ' 林家萬巒豬腳']","[' 飯店內自助餐', ' 墾丁大街&發放代金', '']","['墾丁夏都沙灘酒店', '墾丁夏都沙灘酒店']"
37,20TWTHWACNYB,《新春玩蛇麼》金蛇迎春~豪情花東山海風情三日（火車來回）,花蓮,五福旅遊,https://domestic.lifetour.com.tw/detail/20TWTHWACNYB#HWA03TT25128T01,['台北'],https://static.lifetour.info/eWeb_lifetour/IMGDB/001873/00067120.JPG/500x-,3.0,13500.0,2024/12/14,2024-10-31,2024-11-02 01:42:58,,"['2024-11-03', '2024-11-08', '2024-11-09', '2024-11-10', '2024-11-15', '2024-11-16', '2024-11-17', '2024-11-22', '2024-11-23', '2024-11-24', '2024-11-29', '2024-11-30', '2024-12-01', '2024-12-06', '2024-12-07', '2024-12-08', '2024-12-13', '2024-12-14', '2024-12-15', '2024-12-20', '2024-12-21', '2024-12-22', '2024-12-27', '2024-12-28', '2024-12-29', '2024-12-01', '2024-12-06', '2024-12-07', '2024-12-08', '2024-12-13', '2024-12-14', '2024-12-15', '2024-12-20', '2024-12-21', '2024-12-22', '2024-12-27', '2024-12-28', '2024-12-29']",[],"[1, 2, 3]",[],"['', ' 飯店早餐', ' 飯店早餐']","[' 中式合菜', ' 中式合菜', ' 風味']","[' 自助式', ' 自助式', ' 便當']","['台東自選飯店', '台東自選飯店']"
38,23TWTPCHBKKA,【兩人成行】與海龜共遊~小琉球自由行2日,屏東,五福旅遊,https://domestic.lifetour.com.tw/detail/23TWTPCHBKKA#PCH02BB24N10T01,['高雄'],https://static.lifetour.info/eWeb_lifetour/IMGDB/003178/003244/003246/00091838.JPG/500x-,2.0,3950.0,2025//,2024-10-31,2024-11-02 01:43:35,,"['2024-11-08', '2024-11-15', '2024-11-22', '2024-11-29', '2024-12-06', '2024-12-13', '2024-12-20', '2024-12-27', '2024-12-06', '2024-12-13', '2024-12-20', '2024-12-27']",[],"[1, 2]",[],"[' 敬請自理', ' 民宿早餐']","[' 敬請自理', ' 敬請自理']","[' BBQ吃到飽', ' 敬請自理']",['琉夏萊旅店或海明珠二館或同級']
39,23TWTPCHBKKB,【兩人成行】海島FUN鬆漫活~小琉球愜意自由行3日,屏東,五福旅遊,https://domestic.lifetour.com.tw/detail/23TWTPCHBKKB#PCH03BB24N15T01,['高雄'],https://static.lifetour.info/eWeb_lifetour/IMGDB/003178/003244/003246/00094882.jpg/500x-,3.0,5350.0,2024/11/12,2024-10-31,2024-11-02 01:44:14,,"['2024-11-03', '2024-11-05', '2024-11-07', '2024-11-09', '2024-11-11', '2024-11-13', '2024-11-15', '2024-11-17', '2024-11-19', '2024-11-21', '2024-11-23', '2024-11-25', '2024-11-27', '2024-11-29', '2024-12-01', '2024-12-03', '2024-12-05', '2024-12-07', '2024-12-09', '2024-12-11', '2024-12-13', '2024-12-15', '2024-12-17', '2024-12-19', '2024-12-21', '2024-12-23', '2024-12-25', '2024-12-27', '2024-12-29', '2024-12-31', '2025-01-01', '2025-01-03', '2025-01-05', '2025-01-07', '2025-01-09', '2025-01-11', '2025-01-13', '2025-01-15', '2025-01-17', '2025-01-19', '2025-01-21', '2025-01-23']",[],"[1, 2, 3]",[],"[' 敬請自理', ' 民宿早餐', ' 民宿早餐']","[' 敬請自理', ' 敬請自理', ' 敬請自理']","[' BBQ吃到飽', ' 敬請自理', ' 敬請自理']","['琉夏萊旅店或海明珠二館或同級', '琉夏萊旅店或海明珠二館或同級']"
40,23TWTMZGTHOX,澎湖喜來登自由行三日~送機車使用56H,澎湖,五福旅遊,https://domestic.lifetour.com.tw/detail/23TWTMZGTHOX#PEH03AA24N10T01,['台北'],https://static.lifetour.info/eWeb_lifetour/IMGDB/003178/003207/003209/00096470.JPG/500x-,3.0,8888.0,2024/11/12,2024-10-31,2024-11-02 01:44:21,,"['2024-11-03', '2024-11-04', '2024-11-05', '2024-11-06', '2024-11-07', '2024-11-08', '2024-11-09', '2024-11-10', '2024-11-11', '2024-11-12', '2024-11-13', '2024-11-14', '2024-11-15', '2024-11-16', '2024-11-17', '2024-11-18', '2024-11-19', '2024-11-20', '2024-11-21', '2024-11-22', '2024-11-23', '2024-11-24', '2024-11-25', '2024-11-26', '2024-11-27', '2024-11-28', '2024-11-29', '2024-11-30', '2024-12-01', '2024-12-02', '2024-12-03', '2024-12-04', '2024-12-05', '2024-12-06', '2024-12-07', '2024-12-08', '2024-12-09', '2024-12-10', '2024-12-11', '2024-12-12', '2024-12-13', '2024-12-14', '2024-12-15', '2024-12-16', '2024-12-17', '2024-12-18', '2024-12-19', '2024-12-20', '2024-12-21', '2024-12-22', '2024-12-23', '2024-12-24', '2024-12-25', '2024-12-26', '2024-12-27', '2024-12-28', '2024-12-29', '2024-12-30', '2024-12-31', '2025-01-01', '2025-01-02', '2025-01-03', '2025-01-04', '2025-01-05', '2025-01-06', '2025-01-07', '2025-01-08', '2025-01-09', '2025-01-10', '2025-01-11', '2025-01-12', '2025-01-13', '2025-01-14', '2025-01-15', '2025-01-16', '2025-01-17', '2025-01-18', '2025-01-19', '2025-01-20', '2025-01-21']",[],"[1, 2, 3]",[],"[' 自理', ' 飯店早餐', ' 飯店早餐']","[' 自理', ' 自理', ' 敬請自理']","[' 自理', ' 自理', ' 溫暖的家']","['福朋喜來登或同級', '福朋喜來登或同級', '溫暖的家']"
41,24TWTMZGTHOC,促銷~澎湖自由行三日~住和田或和寓 送機車使用56H,澎湖,五福旅遊,https://domestic.lifetour.com.tw/detail/24TWTMZGTHOC#PEH03AA24N10T03,['台北'],https://static.lifetour.info/eWeb_lifetour/IMGDB/003178/003207/003209/00096473.JPG/500x-,3.0,5188.0,2024/11/14,2024-10-31,2024-11-02 01:44:28,,"['2024-11-08', '2024-11-09', '2024-11-15', '2024-11-16', '2024-11-22', '2024-11-23', '2024-11-29', '2024-11-30', '2024-12-06', '2024-12-07', '2024-12-13', '2024-12-14', '2024-12-20', '2024-12-21', '2024-12-27', '2024-12-28', '2024-12-06', '2024-12-07', '2024-12-13', '2024-12-14', '2024-12-20', '2024-12-21', '2024-12-27', '2024-12-28']",[],"[1, 2, 3]",[],"[' 自理', ' 自理', ' 敬請自理']","[' 自理', ' 自理', ' 敬請自理']","[' 自理', ' 自理', ' 溫暖的家']","['和田大飯店(大床房型) 或 和寓旅店 ZZ Inn(大床房型)或同級', '和田大飯店(大床房型) 或 和寓旅店 ZZ Inn(大床房型)或同級', '溫暖的家']"
42,24TWTMZGTHOX,澎湖澎澄自由行三日~送機車使用56H,澎湖,五福旅遊,https://domestic.lifetour.com.tw/detail/24TWTMZGTHOX#PEH03AA24N12T02,['台北'],https://static.lifetour.info/eWeb_lifetour/IMGDB/003178/003207/003209/00093019.PNG/500x-,3.0,6788.0,2024/11/16,2024-10-31,2024-11-02 01:44:34,,"['2024-12-31', '2024-12-31']",[],"[1, 2, 3]",[],"[' 自理', ' 飯店早餐', ' 飯店早餐']","[' 自理', ' 自理', ' 敬請自理']","[' 自理', ' 自理', ' 溫暖的家']","['澎湖澎澄飯店或同級', '澎澄飯店或同級', '溫暖的家']"
43,20TWKMZGAMGC,二人成行-冬季澎湖自由行三日(五星飯店),澎湖,五福旅遊,https://domestic.lifetour.com.tw/detail/20TWKMZGAMGC#PEH03AC24N14K01,['高雄'],https://static.lifetour.info/eWeb_lifetour/IMGDB/001913/001925/001953/001955/00061464.JPG/500x-,3.0,7250.0,2025/01/25,2024-10-31,2024-11-02 01:44:40,,"['2025-01-25', '2025-01-26', '2025-01-29', '2025-01-30', '2025-01-31', '2025-01-25', '2025-01-26', '2025-01-29', '2025-01-30', '2025-01-31']",[],"[1, 2, 3]",[],"[' 敬請自理', ' 飯店早餐', ' 飯店早餐']","[' 敬請自理', ' 敬請自理', ' 敬請自理']","[' 敬請自理', ' 敬請自理', ' 敬請自理']",[]
44,15TWTMZGCNYA,《新春玩蛇麼》金蛇迎春~澎湖走春三日-入住澎澄飯店或喜來登飯店,澎湖,五福旅遊,https://domestic.lifetour.com.tw/detail/15TWTMZGCNYA#PEH03AA25125T01,['台北'],https://static.lifetour.info/eWeb_lifetour/IMGDB/003178/003207/003209/00096458.JPG/500x-,3.0,16000.0,2024/12/20,2024-10-31,2024-11-02 01:43:40,,"['2024-11-03', '2024-11-04', '2024-11-05', '2024-11-06', '2024-11-07', '2024-11-08', '2024-11-09', '2024-11-10', '2024-11-11', '2024-11-12', '2024-11-13', '2024-11-14', '2024-11-15', '2024-11-16', '2024-11-17', '2024-11-18', '2024-11-19', '2024-11-20', '2024-11-21', '2024-11-22', '2024-11-23', '2024-11-24', '2024-11-25', '2024-11-26', '2024-11-27', '2024-11-28', '2024-11-29', '2024-11-30', '2024-12-01', '2024-12-02', '2024-12-03', '2024-12-04', '2024-12-05', '2024-12-06', '2024-12-07', '2024-12-08', '2024-12-09', '2024-12-10', '2024-12-11', '2024-12-12', '2024-12-13', '2024-12-14', '2024-12-15', '2024-12-16', '2024-12-17', '2024-12-18', '2024-12-19', '2024-12-20', '2024-12-21', '2024-12-22', '2024-12-23', '2024-12-24', '2024-12-25', '2024-12-26', '2024-12-27', '2024-12-28', '2024-12-29', '2024-12-30', '2024-12-31', '2025-01-01', '2025-01-02', '2025-01-03', '2025-01-04', '2025-01-05', '2025-01-06', '2025-01-07', '2025-01-08', '2025-01-09', '2025-01-10', '2025-01-11', '2025-01-12', '2025-01-13', '2025-01-14', '2025-01-15', '2025-01-16', '2025-01-17', '2025-01-18', '2025-01-19', '2025-01-20', '2025-01-21', '2025-01-22']",[],"[1, 2, 3]",[],"['', ' 飯店早餐', ' 飯店早餐']","[' 海鮮風味餐600/人', ' 風味合菜600/人', ' 敬請自理']","[' 彭湃海鮮餐800/人', ' 喜來登自助式', '']","['澎澄飯店', '澎澄飯店']"
45,15TWTTTCATTC,縱情台東山海風情三日(火車來回),台東,五福旅遊,https://domestic.lifetour.com.tw/detail/15TWTTTCATTC#TTT03TT24N15T01,['台北'],https://static.lifetour.info/eWeb_lifetour/IMGDB/001913/001932/001934/00044004.JPG/500x-,3.0,8000.0,2024/11/30,2024-10-31,2024-11-02 01:43:55,,"['2024-11-09', '2024-11-16', '2024-11-23', '2024-11-30', '2024-12-07', '2024-12-14', '2024-12-21', '2024-12-28', '2024-12-07', '2024-12-14', '2024-12-21', '2024-12-28']",[],"[1, 2, 3]",[],"[' 敬請自理', ' 飯店早餐', ' 飯店早餐']","[' 敬請自理', ' 敬請自理', ' 敬請自理']","[' 敬請自理', ' 敬請自理', ' 敬請自理']","['依所選飯店或同級', '自選飯店或同級']"
46,24TWKTTTB02A,六人成行~台東輕鬆二日遊,台東,五福旅遊,https://domestic.lifetour.com.tw/detail/24TWKTTTB02A#TTT02BB24N16K02,['高雄'],https://static.lifetour.info/eWeb_lifetour/IMGDB/003178/003190/003192/00091384.JPG/500x-,2.0,6700.0,2024/12/31,2024-10-31,2024-11-02 01:44:34,,"['2025-01-24', '2025-01-25', '2025-01-26', '2025-01-27', '2025-01-28', '2025-01-29', '2025-01-30', '2025-01-31', '2025-02-01', '2025-02-02', '2025-02-01', '2025-02-02']",[],"[1, 2]",[],"['', ' 飯店早餐']","[' 自理', ' ']","[' 酒店', '']","['台東知本世紀金聯酒店或同級', '溫暖的家']"
47,24TWKTTTB02B,台東知本泡湯跨年二日遊,台東,五福旅遊,https://domestic.lifetour.com.tw/detail/24TWKTTTB02B#TTT02BB24D31K01,['高雄'],https://static.lifetour.info/eWeb_lifetour/IMGDB/003178/003190/003192/00091384.JPG/500x-,2.0,5600.0,2025/01/28,2024-10-31,2024-11-02 01:45:10,,"['2025-01-28', '2025-01-29', '2025-01-30', '2025-01-31', '2025-01-28', '2025-01-29', '2025-01-30', '2025-01-31']",[],"[1, 2]",[],"['', ' 飯店早餐']","[' 池上飯包', ' 風味合菜']","[' 酒店', '']","['台東知本世紀金聯酒店或同級', '溫暖的家']"
48,17TWTGNITGNA,《新春玩蛇麼》金蛇迎春~縱情台東 南橫風華 三日,台東,五福旅遊,https://domestic.lifetour.com.tw/detail/17TWTGNITGNA#TTT03TT25128T01,['台北'],https://static.lifetour.info/eWeb_lifetour/IMGDB/003178/003190/003192/00091379.JPG/500x-,3.0,15400.0,2025/01/28,2024-10-31,2024-11-02 01:45:47,,"['2025-01-28', '2025-01-29', '2025-01-30', '2025-01-28', '2025-01-29', '2025-01-30']",[],"[1, 2, 3]",[],"[' 敬請自理', ' 飯店早餐', ' 飯店早餐']","[' 風味', ' 風味盒餐', ' 風味合菜']","[' 自助', ' 自助', ' 便當']","['台東自選飯店或同級', '台東自選飯店或同級']"
49,23TWTGNITGNA,《新春玩蛇麼》金蛇迎春~台東南迴風光IG打卡 三日,台東,五福旅遊,https://domestic.lifetour.com.tw/detail/23TWTGNITGNA#TTT03TT25128T02,['台北'],https://static.lifetour.info/eWeb_lifetour/IMGDB/003178/003190/003192/00091376.JPG/500x-,3.0,14600.0,2025/01/24,2024-10-31,2024-11-02 01:44:11,,"['2024-11-04', '2024-11-05', '2024-11-06', '2024-11-07', '2024-11-08', '2024-11-09', '2024-11-10', '2024-11-11', '2024-11-12', '2024-11-13', '2024-11-14', '2024-11-15', '2024-11-16', '2024-11-17', '2024-11-18', '2024-11-19', '2024-11-20', '2024-11-21', '2024-11-22', '2024-11-23', '2024-11-24', '2024-11-25', '2024-11-26', '2024-11-27', '2024-11-28', '2024-11-29', '2024-11-30', '2024-12-01', '2024-12-02', '2024-12-03', '2024-12-04', '2024-12-05', '2024-12-06', '2024-12-07', '2024-12-08', '2024-12-09', '2024-12-10', '2024-12-11', '2024-12-12', '2024-12-13', '2024-12-14', '2024-12-15', '2024-12-16', '2024-12-17', '2024-12-18', '2024-12-19', '2024-12-20', '2024-12-21', '2024-12-22', '2024-12-23', '2024-12-24', '2024-12-25', '2024-12-27', '2024-12-28', '2024-12-29', '2024-12-30', '2024-12-31', '2025-01-01', '2025-01-02', '2025-01-03', '2025-01-04', '2025-01-05', '2025-01-06', '2025-01-07', '2025-01-08', '2025-01-09', '2025-01-10', '2025-01-11', '2025-01-12', '2025-01-13', '2025-01-14', '2025-01-15', '2025-01-16', '2025-01-17', '2025-01-18', '2025-01-19', '2025-01-20', '2025-01-21', '2025-01-22', '2025-01-23', '2025-01-24', '2025-01-25']",[],"[1, 2, 3]",[],"[' 敬請自理', ' 飯店早餐', ' 飯店早餐']","[' 風味', ' 風味', ' 風味合菜']","[' 自助', ' 自助', ' 鐵路便當']","['台東自選飯店或同級', '台東自選飯店或同級']"
50,24TWTGNITCNY,《新春玩蛇麼》金蛇迎春愛戀綠島自由行三日(含餐食)火車來回,綠島,五福旅遊,https://domestic.lifetour.com.tw/detail/24TWTGNITCNY#GNI03TT25124T01,['台北'],https://static.lifetour.info/eWeb_lifetour/IMGDB/003178/003219/003221/00091677.JPG/500x-,3.0,11288.0,2024/11/16,2024-10-31,2024-11-02 01:44:48,,"['2024-11-03', '2024-11-07', '2024-11-11', '2024-11-13', '2024-11-16', '2024-11-03', '2024-11-07', '2024-11-11', '2024-11-13', '2024-11-16']",[],"[1, 2, 3]",[],"[' 自理', ' 飯店自助式早餐', ' 飯店早餐']","[' 精緻餐盒', ' 風味', ' 自理']","[' 風味', ' 風味', ' 鐵路便當']","['綠島凱薪、綠島之星、海洋之家、享綠島、統祥、綠堤 或同級或同級', '綠島凱薪、綠島之星、海洋之家、享綠島、統祥、綠堤 或同級或同級']"
51,25TWTGNITCNY,《新春玩蛇麼》金蛇迎春~綠島輕鬆自由行三日(火車來回),綠島,五福旅遊,https://domestic.lifetour.com.tw/detail/25TWTGNITCNY#GNI03TT25124T02,['台北'],https://static.lifetour.info/eWeb_lifetour/IMGDB/003178/003219/003221/00095468.jpg/500x-,3.0,10088.0,2024/11/17,2024-10-31,2024-11-02 01:45:26,,"['2025-01-25', '2025-01-26', '2025-01-27', '2025-01-28', '2025-01-29', '2025-01-30', '2025-01-31', '2025-02-01', '2025-02-02', '2025-02-01', '2025-02-02']",[],"[1, 2, 3]",[],"[' 自理', ' 飯店自助式早餐', ' 飯店早餐']","[' 自理', '', ' 自理']","[' 自理', '', ' 自理']","['綠島凱薪、綠島之星、海洋之家、享綠島、統祥、綠堤 或同級或同級', '綠島凱薪、綠島之星、海洋之家、享綠島、統祥、綠堤 或同級或同級']"
52,25TWTGNITCN4,《新春玩蛇麼》金蛇迎春~綠島輕鬆自由行四日(火車來回),綠島,五福旅遊,https://domestic.lifetour.com.tw/detail/25TWTGNITCN4#GNI04TT25125T01,['台北'],https://static.lifetour.info/eWeb_lifetour/IMGDB/003178/003219/003221/00099145.JPG/500x-,4.0,12288.0,2025/01/29,2024-10-31,2024-11-02 01:46:05,,"['2024-11-06', '2024-11-13', '2024-11-20', '2024-11-27', '2024-11-06', '2024-11-13', '2024-11-20', '2024-11-27']",[],"[1, 2, 3, 4]",[],"[' 自理', ' 飯店早餐', ' 飯店早餐', ' 飯店早餐']","[' 自理', '', ' 自理', '']","[' 自理', '', ' 自理', '']","['綠島凱薪、綠島之星、海洋之家、享綠島、統祥、綠堤 或同級或同級', '綠島凱薪、綠島之星、海洋之家、享綠島、統祥、綠堤 或同級或同級']"
53,15TWTGNITGNA,《新春玩蛇麼》金蛇迎春～台東綠島溫泉SPA三日遊,綠島,五福旅遊,https://domestic.lifetour.com.tw/detail/15TWTGNITGNA#TTT03TT25129T03,['台北'],https://static.lifetour.info/eWeb_lifetour/IMGDB/003178/003219/003221/00094037.JPG/500x-,3.0,14000.0,2025/01/24,2024-10-31,2024-11-02 01:44:48,,"['2025-01-24', '2025-01-25', '2025-01-26', '2025-01-27', '2025-01-28', '2025-01-29', '2025-01-30', '2025-01-31', '2025-02-01', '2025-02-02', '2025-02-01', '2025-02-02']",[],"[1, 2, 3]",[],"[' 敬請自理', ' 飯店早餐', ' 飯店早餐']","[' 精緻盒餐', ' 風味', ' 風味']","[' 風味', ' 飯店自助', ' 自理']","['綠島海洋之家或同級或同級', '台東自選飯店或同級']"
54,23TWRMZWA03K,馬祖南北竿三日遊(台中出發),馬祖,五福旅遊,https://domestic.lifetour.com.tw/detail/23TWRMZWA03K#MZW03AA24N16K01,['台中'],https://static.lifetour.info/eWeb_lifetour/IMGDB/003178/003253/003256/00091998.JPG/500x-,3.0,10100.0,2025/01/25,2024-10-31,2024-11-02 01:45:24,,"['2024-11-10', '2024-11-17', '2024-11-24', '2024-11-10', '2024-11-17', '2024-11-24']",[],"[1, 2, 3]",[],"[' 敬請自理', ' 民宿享用', ' 民宿享用']","[' 敬請自理', ' 馬祖風味小吃老酒麵線+黃金餃', ' 馬祖風味餐$350/人']","[' 敬請自理', ' 海鮮痛風餐$550/人', '']","['A檔民宿或同級', 'A檔民宿或同級', '溫暖的家']"
55,24TWTMZWA04K,2024年高雄直航馬祖~南、北竿+莒光(東.西莒)四日遊,馬祖,五福旅遊,https://domestic.lifetour.com.tw/detail/24TWTMZWA04K#MZW04AA24N17K01,['高雄'],https://static.lifetour.info/eWeb_lifetour/IMGDB/003178/003253/003256/00091995.JPG/500x-,4.0,16250.0,2024/11/20,2024-10-31,2024-11-02 01:46:04,,"['2024-12-01', '2024-12-02', '2024-12-03', '2024-12-04', '2024-12-05', '2024-12-06', '2024-12-07', '2024-12-08', '2024-12-09', '2024-12-10', '2024-12-11', '2024-12-12', '2024-12-13', '2024-12-14', '2024-12-15', '2024-12-16', '2024-12-17', '2024-12-18', '2024-12-19', '2024-12-20', '2024-12-21', '2024-12-22', '2024-12-23', '2024-12-24', '2024-12-25', '2024-12-26', '2024-12-27', '2024-12-28', '2024-12-29', '2025-01-02', '2025-01-05', '2025-01-06', '2025-01-07', '2025-01-08', '2025-01-09', '2025-01-10', '2025-01-11', '2025-01-12', '2025-01-13', '2025-01-14', '2025-01-15', '2025-01-16', '2025-01-17', '2025-01-18', '2025-01-19', '2025-01-20', '2025-01-21', '2025-01-22', '2025-01-23', '2025-01-24', '2025-01-25', '2025-01-30', '2025-01-31', '2025-02-05', '2025-02-06', '2025-02-07', '2025-02-08', '2025-02-09', '2025-02-10', '2025-02-11', '2025-02-12', '2025-02-13', '2025-02-14', '2025-02-15', '2025-02-16', '2025-02-17', '2025-02-18', '2025-02-19', '2025-02-20', '2025-02-21', '2025-02-22', '2025-02-23', '2025-02-24', '2025-02-25', '2025-02-26']",[],"[1, 2, 3, 4]",[],"['', ' 民宿早餐', '', ' 民宿早餐']","[' 自理', ' 馬祖風味餐(350元/人)', ' 馬祖風味餐(350元/人)', ' 敬請自理']","[' 馬祖大餅+酸菜魚(400元/人)', ' 馬祖風味餐(350元/人)', ' 馬祖風味餐(350元/人)', '']","['A檔：南北竿 當地同等級民宿或飯店', 'A檔：東、西莒 當地同等級民宿或飯店', 'A檔：南北竿 當地同等級民宿或飯店或同級']"
56,24TWTMZWB03K,《高雄出發》2024年高雄直航馬祖~南、北竿三日遊,馬祖,五福旅遊,https://domestic.lifetour.com.tw/detail/24TWTMZWB03K#MZW03AA24N20K02,['高雄'],https://static.lifetour.info/eWeb_lifetour/IMGDB/003178/003253/003256/00091995.JPG/500x-,3.0,12700.0,2024/11/17,2024-10-31,2024-11-02 01:44:30,,"['2024-11-09', '2024-11-30', '2024-12-07', '2024-12-21', '2024-12-07', '2024-12-21']",[],"[1, 2, 3]",[],"['', ' 民宿早餐', ' 民宿早餐']","[' 自理', ' 馬祖風味餐(350元/人)', ' 敬請自理']","[' 馬祖大餅+酸菜魚(400元/人)', ' 海鮮痛風餐或海盜鍋 (550元/人)', '']","['A檔：南北竿 當地同等級民宿或飯店', 'A檔：南北竿 當地同等級民宿或飯店']"
57,15TWTKMNAGDC,金門金好玩大小金門三日(金門大橋、太武山、建功嶼),金門,五福旅遊,https://domestic.lifetour.com.tw/detail/15TWTKMNAGDC#KMN03AA24N15T01,['台北'],https://static.lifetour.info/eWeb_lifetour/IMGDB/000189/000208/00010620.JPG/500x-,3.0,8680.0,2024/11/17,2024-10-31,2024-11-02 01:44:37,,"['2024-11-05', '2024-11-10', '2024-11-13', '2024-11-17', '2024-11-19', '2024-11-21', '2024-11-23', '2024-11-27', '2024-11-29', '2024-11-05', '2024-11-10', '2024-11-13', '2024-11-17', '2024-11-19', '2024-11-21', '2024-11-23', '2024-11-27', '2024-11-29']",[],"[1, 2, 3]",[],"['', ' 早餐', ' 飯店早餐']","[' 金門廣東粥套餐 105元/人', ' 金門風味餐 350元/人', ' 自理']","[' 海鮮特色餐 350元/人', ' 戰地牛肉餐 350元/人', '']","['金門自選飯店等級', '金門自選飯店等級']"
58,24TWKKMNKMND,大小金門 建功嶼摩西分海 海陸大滿貫 三日-台南出發,金門,五福旅遊,https://domestic.lifetour.com.tw/detail/24TWKKMNKMND#KMN03AA24N17K01,['台南'],https://static.lifetour.info/eWeb_lifetour/IMGDB/000189/000208/00010620.JPG/500x-,3.0,10900.0,2024/11/18,2024-10-31,2024-11-02 01:45:13,,"['2024-11-09', '2024-11-11', '2024-11-18', '2024-11-24', '2024-11-09', '2024-11-11', '2024-11-18', '2024-11-24']",[],"[1, 2, 3]",[],"['', ' 飯店早餐', ' 飯店早餐']","[' 金門風味餐300/人', ' 金門風味餐300/人', ' 金門風味餐300/人']","[' 金門風味餐300/人', ' 圓頭溫體牛肉火鍋無限量888/人(個人獨享鍋)', '']","['海福花園或同級', '海福花園或同級']"
59,24TWKKMNKMNC,大小金門 建功嶼摩西分海 海陸大滿貫 三日,金門,五福旅遊,https://domestic.lifetour.com.tw/detail/24TWKKMNKMNC#KMN03AA24N18K01,['高雄'],https://static.lifetour.info/eWeb_lifetour/IMGDB/000189/000208/00010620.JPG/500x-,3.0,10900.0,2024/11/19,2024-10-31,2024-11-02 01:45:49,,"['2024-11-05', '2024-11-09', '2024-11-19', '2024-11-28', '2024-11-05', '2024-11-09', '2024-11-19', '2024-11-28']",[],"[1, 2, 3]",[],"['', ' 飯店早餐', ' 飯店早餐']","[' 金門風味餐300/人', ' 金門風味餐300/人', ' 金門風味餐300/人']","[' 金門風味餐300/人', ' 圓頭溫體牛肉火鍋無限量888/人(個人獨享鍋)', '']","['海福花園或同級', '海福花園或同級']"
60,24TWKKMNKMNE,大小金門三日 遊大膽島,金門,五福旅遊,https://domestic.lifetour.com.tw/detail/24TWKKMNKMNE#KMN03AA24N19K02,['高雄'],https://static.lifetour.info/eWeb_lifetour/IMGDB/000189/000208/00010620.JPG/500x-,3.0,8500.0,2024/12/01,2024-10-31,2024-11-02 01:46:25,,"['2025-01-29', '2025-01-30', '2025-01-29', '2025-01-30']",[],"[1, 2, 3]",[],"['', ' 飯店早餐', ' 飯店早餐']","[' X', ' 金門風味餐200/人', ' X']","[' 風味小吃牛肉或豬肉或蔬菜麵', ' 金門風味餐300/人', '']","['金沙假日或同級', '金沙假日或同級']"
61,24TWKKMN03F,6人成行~金門3日迷你團,金門,五福旅遊,https://domestic.lifetour.com.tw/detail/24TWKKMN03F#KMN03AA24D01K01,['高雄'],https://static.lifetour.info/eWeb_lifetour/IMGDB/001401/00093515.JPG/500x-,3.0,8099.0,2025/01/25,2024-10-31,2024-11-02 01:46:31,,"['2025-01-25', '2025-01-29', '2025-01-30', '2025-01-31', '2025-02-01', '2025-02-02', '2025-02-01', '2025-02-02']",[],"[1, 2, 3]",[],"[' 敬請自理', ' 飯店內', ' 飯店早餐']","[' 敬請自理', ' 廣東粥+油條', ' 敬請自理']","[' 道地金門牛肉麵', ' 逛街敬請自理', ' 敬請自理']","['海豚灣民宿 或 海豚灣II館海景民宿 或 愛渡假 或 二姊的家或同級', '海豚灣民宿 或 海豚灣II館海景民宿 或 愛渡假 或 二姊的家或同級', '溫暖的家']"
62,23TWTKMNACNY,《新春玩蛇麼》金蛇迎春~新春遊大小金門三日,金門,五福旅遊,https://domestic.lifetour.com.tw/detail/23TWTKMNACNY#KMN03AA25125T01,['台北'],https://static.lifetour.info/eWeb_lifetour/IMGDB/000189/000208/00010620.JPG/500x-,3.0,12888.0,2025/01/25,2024-10-31,2024-11-02 01:47:08,,"['2025-01-25', '2025-01-26', '2025-01-27', '2025-01-28', '2025-01-29', '2025-01-30', '2025-01-31', '2025-02-01', '2025-02-01']",[],"[1, 2, 3]",[],"['', ' 早餐', ' 早餐']","[' 金門風味餐 400/人', ' 風味', '']","[' 金門風味餐 800/人', ' 戰地牛肉風味餐 或 牛肉吃到飽火鍋 700 元/人(以旅行社安排為主)', '']","['金沙大地或同級', '金沙大地或同級']"
63,24TWTKMNACNY,金蛇迎春~新春遊大小金門三日住宿昇恆昌金湖飯店,金門,五福旅遊,https://domestic.lifetour.com.tw/detail/24TWTKMNACNY#KMN03AA25125T02,['台北'],https://static.lifetour.info/eWeb_lifetour/IMGDB/000189/000208/00010620.JPG/500x-,3.0,17888.0,2024/01/25,2024-10-31,2024-10-31 19:05:19,,"['2025-01-29', '2025-01-27', '2025-01-25', '2025-01-28', '2025-01-31', '2025-01-26', '2025-01-30', '2025-02-01']",[],"[1, 2, 3]",[],"['', ' 早餐', ' 早餐']","[' 金門風味餐 400/人', ' 風味', '']","[' 金門風味餐 800/人', ' 戰地牛肉風味餐 或 牛肉吃到飽火鍋 700 元/人(以旅行社安排為主)', '']","['昇恆昌金湖飯店', '昇恆昌金湖飯店']"
0,,,,,,,,,,2024/11/16,,2024-11-02 01:40:33,,"['2024-11-03', '2024-11-09', '2024-11-10', '2024-11-16', '2024-11-17', '2024-11-23', '2024-11-24', '2024-11-30', '2024-12-01', '2024-12-07', '2024-12-08', '2024-12-14', '2024-12-15', '2024-12-21', '2024-12-22', '2024-12-28', '2024-12-29', '2024-12-01', '2024-12-07', '2024-12-08', '2024-12-14', '2024-12-15', '2024-12-21', '2024-12-22', '2024-12-28', '2024-12-29']",,,,,,,
